INTC,WDC,FLIR,EMR,BLK,IT,WYNN,DLR,JCI
SRE,VFC,ILMN,IP,JNPR,ETN,XOM,URI,CHRW
VAR,BA,OKE,KMX,BWA,O,APA,CDNS,NVDA
WBA,ROP,MGM,AMG,DIS,FTI,BSX,CHK,MRK
SPGI,IDXX,CME,OXY,HUM,REGN,AON,EMR,VAR
SHW,CLX,MDT,AKAM,SWKS,FRT,URI,LKQ,JNJ
TROW,WAT,CNP,AZO,TJX,PH,HRB,ROK,IBM
IFF,ALB,SRE,XOM,ATVI,WLTW,PRGO,AFL,CHD
MCD,BLL,ISRG,MTB,BAX,AAP,VRSN,HPQ,CLX
USB,BMY,GILD,CVS,WMT,MNST,EQIX,ADI,HBAN
IP,GPN,CME,AIZ,AMG,LOW,PDCO,COST,BK
LH,C,CCL,DOV,XRAY,HES,DXC,TRV,HOLX
WFC,KR,CHRW,HIG,ARNC,ZION,COP,CCI,HPQ
SLB,ORCL,MSFT,AME,WLTW,ETR,AMZN,EMN,ANSS
GE,SO,HON,WM,HRL,TAP,MCHP,XOM,BIIB
HOLX,MGM,ESS,CSCO,CPB,WAT,BIIB,MCD,SPGI
SHW,BK,DIS,KO,FTI,BA,COO,PDCO,RMD
VNO,BSX,SYY,KR,NEE,ARE,UTX,PFG,BWA
MCO,TGT,DLTR,RL,BLL,EQT,ETFC,AVY,ED
JNJ,LH,STZ,MLM,FLS,LEG,NOC,XRAY,AAP
COF,NTAP,AAPL,INTU,KLAC,BAX,DRI,BSX,PEG
PCG,ANSS,RMD,ALXN,VZ,BDX,GIS,ROK,LLY
JNPR,NSC,BAX,A,INCY,RF,NEE,JPM,XRX
MTB,PRU,PG,UPS,HOG,SYY,ABT,PPL,GILD
AAPL,PGR,ETFC,BLL,NVDA,DE,NTRS,SHW,PXD
ITW,RL,NTAP,OKE,ROK,UPS,AIZ,AFL,PHM
HOG,WEC,COST,WLTW,ETN,EFX,APH,D,SPGI
RE,RJF,IRM,EQR,VFC,REGN,VRTX,STT,USB
PRU,ROST,FLIR,STT,VMC,BMY,CI,ROP,TSN
HP,KSS,TPR,JNJ,PEP,DE,FL,ATVI,NFLX
AES,PNC,HSIC,GT,AMG,FFIV,ALL,INTC,ROP
DGX,USB,NVDA,RRC,C,EFX,MGM,GWW,SYY
VAR,UPS,UHS,SWKS,XEL,RHI,ILMN,STT,DRE
REGN,FLR,MSI,PH,K,PKG,WMB,VTR,TSN
PFG,HON,STT,CMA,HES,MLM,CMI,AYI,F
MRK,COST,SBAC,EA,KLAC,AXP,MTD,TAP,GE
EQT,DXC,MDT,ILMN,XEL,ATVI,HD,CMI,KO
COO,LMT,KLAC,PFG,DXC,DIS,IVZ,MRK,HBAN
SCHW,AKAM,JPM,HON,JNPR,CL,KIM,SLG,TRV
AMGN,VFC,CDNS,COO,VNO,SWKS,ETN,EOG,IDXX
CTL,COP,FISV,SJM,DXC,FE,BXP,CHD,MET
WBA,URI,EBAY,KSU,WLTW,CMS,COP,MAT,AZO
WBA,SYK,SIG,INTC,BLK,AES,APH,BXP,ZBH
MSI,EQIX,DOV,HPQ,PKG,PPL,GRMN,FISV,ECL
BWA,RTN,SWKS,NTAP,AVB,CVS,BEN,MU,PPL
ANSS,EL,BLK,ROP,CME,FITB,HPQ,FLIR,OXY
CDNS,IFF,AYI,MMC,SWKS,RE,PKI,CVS,CMI
MAR,C,NDAQ,TXT,PNW,EFX,DIS,PCG,HOLX
MRK,UNP,PXD,ACN,XRX,CMI,AIV,AIZ,ALB
RHI,PVH,K,ARE,MMC,WLTW,AAP,DE,APA
SJM,OMC,F,TROW,UNM,APD,COP,EW,XOM
DVA,COG,KSU,MAA,TJX,IR,OXY,ETFC,HP
DLTR,HOG,CI,KR,FDX,MAC,MO,EIX,CVS
ECL,AVB,NOV,JWN,AKAM,DHI,TXT,VTR,MMM
WM,ARE,BK,WBA,TRV,ZBH,TIF,CTSH,BWA
CTAS,ALL,XEC,EIX,ORCL,GS,FTI,HSIC,HRB
GPC,DXC,AVY,BA,VZ,XEL,IRM,EA,CNP
ZION,TAP,TMO,MYL,HBAN,ETN,UNM,FAST,REGN
FCX,MGM,AKAM,WY,CMA,SJM,CVS,COG,SRCL
CDNS,ARE,F,COO,ITW,JWN,ACN,EQR,LRCX
ALXN,JPM,SWK,ATVI,TSN,VRTX,MU,SCHW,AIZ
TXT,CPB,IVZ,WM,FISV,COO,YUM,WMB,SRCL
RTN,ED,ADM,NBL,FL,AIZ,UDR,DRI,GPN
DVA,ETN,SIG,COO,MSFT,YUM,NTAP,LKQ,FIS
KEY,RSG,FIS,WY,EMN,ADM,VMC,IBM,ANTM
ETFC,NEE,GE,JNPR,ETR,GRMN,ZION,TGT,IPG
TMO,HON,DISH,DTE,ITW,LNC,NTRS,WBA,APD
AIV,IBM,NTAP,PHM,MAA,WAT,UNM,TRV,SBUX
A,AIZ,XLNX,PDCO,VAR,CI,ORCL,BLK,TJX
INCY,DRE,BIIB,XLNX,HOG,PKG,KSS,FE,BAX
UDR,WLTW,WFC,BDX,CCI,CMI,MLM,MCO,FLS
MU,GRMN,RJF,CMA,DVN,AIZ,ROST,APA,EA
CERN,BDX,MNST,VAR,KLAC,MKC,DHR,LNC,EIX
ES,MYL,GS,HES,DTE,DXC,CL,TIF,GOOGL
PLD,FMC,XRAY,AMG,AON,ETN,NRG,EL,SYK
ILMN,MTB,VTR,FLS,WLTW,HP,GWW,UTX,EQT
MU,VRSN,YUM,DISH,MAA,BAX,ADSK,BXP,GLW
CINF,DLR,PWR,VFC,MCD,CERN,ACN,NDAQ,MDLZ
ATVI,CHK,PEG,DRE,MO,USB,APA,DTE,BAX
FAST,FRT,APH,CI,PLD,KLAC,JCI,RE,MAR
PSA,MRK,HOLX,FTI,WYNN,DTE,D,KMX,JPM
MAC,SYK,JBHT,PHM,PAYX,MLM,TGT,HES,LEG
F,AYI,AMG,FLIR,PBCT,CI,DTE,WMT,WFC
LMT,CRM,DRI,ITW,EA,BLK,APA,UNP,EOG
BAX,MRK,CHK,VFC,WYNN,AMT,D,FE,WLTW
CLX,AGN,PWR,AES,MDLZ,VTR,CPB,CSX,TAP
CPB,MAS,SLG,WY,FCX,IT,FISV,CNP,XEL
CINF,AGN,ADI,PEP,OKE,GIS,KO,PRGO,ADP
PEP,AIG,LKQ,ZBH,ALK,LMT,FCX,UTX,TXT
OMC,BBY,RMD,CSCO,EMN,EQIX,AES,DTE,PBCT
FL,L,KMB,KEY,AON,EFX,AIG,CL,KIM
MCD,ZBH,NRG,MMC,PFE,NEE,BLK,PCAR,EW
IT,K,EQR,CCL,PG,SWK,LKQ,ADP,GWW
NTRS,UNP,MMM,JNJ,PEP,FIS,VTR,LNC,VZ
HES,RE,REG,NUE,SBUX,MAS,BXP,ADM,XLNX
PH,RTN,FCX,TJX,TIF,AIG,VRTX,MET,ARE
EMR,ABT,HP,FE,BAC,KMB,PAYX,C,CVX
MMC,TPR,NDAQ,JBHT,PFE,UNH,ITW,EQIX,ROST
MCHP,AGN,VRSN,SCHW,HON,COST,PG,RL,EQR
CME,FIS,OKE,PDCO,NDAQ,MRK,EIX,JPM,MCK
FLS,MTB,ED,JWN,WBA,UTX,SHW,ABT,SYY
ALXN,PNR,APA,NUE,TIF,DIS,ADBE,CPB,AMZN
CTSH,ETN,PCG,PGR,PEG,CMA,CL,MRK,T
AKAM,TRV,CSX,FTI,TMO,DRE,DRI,PBCT,SRE
CHK,PCG,MYL,GWW,MAR,SYK,GRMN,TSCO,LOW
WY,CNP,ARE,AMD,USB,PAYX,EXPD,CME,ETR
GE,WFC,CDNS,IT,NOV,IRM,GS,PPG,WAT
ADSK,IBM,PVH,LNC,BLL,DXC,REGN,SBAC,IP
APA,MMC,EQR,COST,MET,KMB,FFIV,MSI,KEY
BLL,ADP,DGX,MHK,PKG,CCL,AKAM,AFL,UTX
EOG,VMC,AON,ACN,ZBH,BDX,PEG,UPS,AFL
NSC,OMC,LOW,HST,UPS,IFF,EXR,ROST,T
RJF,CI,PG,TIF,LNC,SNA,SWK,SWKS,PLD
CCL,SWK,SLB,WM,PGR,TIF,EQT,OMC,TJX
WYNN,NTRS,ETR,GOOG,KSU,EMN,BAC,ANTM,IT
PEG,IDXX,PRU,INCY,MAT,EXR,ADM,YUM,OKE
CPB,ROP,MYL,BIIB,RMD,T,COO,CERN,FDX
PEP,QCOM,FMC,HUM,HRL,COG,DTE,GWW,PWR
SNPS,CMCSA,GD,PDCO,ROP,GIS,RL,EMN,AVY
MAA,FAST,HRL,IRM,EL,PCAR,CERN,BLL,PRU
EXC,EXPD,AMGN,PCG,BAC,BA,TPR,JPM,AES
CMA,ORLY,AFL,AMT,CERN,DLR,HBAN,CNC,IRM
FCX,BIIB,SBAC,AES,CCI,BAC,XRX,GPN,IRM
CL,NOC,EMN,PEG,LEN,ITW,SIG,CINF,MAC
IVZ,L,IBM,BA,CCI,VNO,AFL,FAST,XOM
GOOGL,PSA,VAR,FCX,PAYX,RMD,PLD,FE,AAP
RMD,EQR,AAPL,XRAY,AES,UHS,RJF,MU,UTX
PBCT,XRX,XOM,HRB,HD,INTC,VRTX,CVS,RTN
NFLX,EXPD,MCHP,CMI,ADM,NVDA,WFC,TSN,CHD
NDAQ,KO,ROK,SRE,ALB,CI,ARNC,AAPL,APA
ATVI,A,UDR,PVH,MLM,REG,HOG,CI,MET
SNPS,FIS,ISRG,ZION,HBAN,FMC,PPG,ALL,UNM
CCL,VTR,MRO,ROK,BAC,CTL,MDLZ,CHK,ALK
TMO,ALB,BK,FRT,KIM,NBL,DLTR,WY,SRCL
CSX,ADS,ZION,WBA,DGX,UPS,RSG,PXD,EBAY
RMD,BA,APH,OXY,CHD,FMC,FLIR,AVY,VNO
BWA,CHRW,AAPL,IP,GWW,BIIB,DRI,MDT,AMT
ADSK,PKI,AME,BRK-B,OMC,PDCO,NEE,CNP,CINF
EXPD,NTRS,TGT,ADSK,BAC,TRV,K,MRK,SHW
FL,SRCL,HON,ECL,HPQ,CHD,ADS,SO,SNA
PKG,MCK,FMC,IFF,VAR,COP,C,SCHW,FAST
PBCT,RTN,EL,ALGN,MHK,EQT,PHM,CMI,MTD
MET,AIG,IP,BDX,VAR,OKE,NEE,WFC,ORLY
PPL,BA,PDCO,CMS,WBA,F,UNH,AON,COST
MHK,ABT,COG,BAX,CHD,ANTM,JCI,REGN,LNC
CTL,USB,KO,XLNX,KSS,AJG,ALGN,LLY,EXPD
RRC,REG,PCG,KSU,FE,PVH,LOW,WHR,SNA
WLTW,NEE,ACN,SYY,AIG,ZION,LRCX,ED,ALB
NWL,DVN,MSI,PXD,AAPL,GT,LMT,AMD,CMI
NEE,EMR,EOG,MTB,CDNS,AJG,SWK,STT,SEE
HIG,EFX,MMC,FCX,RF,MET,JNJ,WFC,IRM
ETFC,JPM,SEE,DUK,IR,JNJ,IDXX,KMB,AIZ
RMD,PPG,HSY,QCOM,PH,ES,NOC,HON,ADM
STT,BLL,TSCO,ORLY,GD,RHI,AGN,DOV,HUM
GPC,TROW,PLD,STX,CVS,ITW,EFX,UTX,KO
GPC,SRCL,NRG,CPB,WY,QCOM,BLL,NVDA,SLB
VFC,DVN,MO,SWKS,ACN,PFE,SLB,HP,UNH
CLX,SPG,AMZN,ISRG,VTR,TJX,MMM,AVB,CMCSA
PFG,HIG,DGX,BDX,COF,TMO,CTAS,MMC,IDXX
PEG,BAC,NKE,AME,MO,TSN,ADBE,SBUX,DLTR
EFX,DVA,FMC,UPS,LRCX,BSX,XLNX,JBHT,MLM
ITW,MAS,VTR,UTX,LEG,M,HRL,PPG,LEN
SIG,AEP,MGM,XRAY,MAS,AXP,CTXS,LMT,LRCX
SNPS,IRM,HRB,AMT,KMB,UNH,ETFC,CI,UTX
FISV,SYK,IBM,FITB,YUM,EQT,PRGO,ECL,TROW
AJG,JNPR,F,HSY,WAT,MTB,AME,AEE,SHW
EMR,CTL,RE,MTD,PNW,PSA,RHI,TXT,DRI
FFIV,KSS,HES,EQT,LOW,KMB,SBUX,GT,AVY
OXY,KO,MMC,STX,PDCO,HES,DUK,LMT,ADS
CMI,BIIB,FITB,ETFC,FIS,AXP,BSX,IRM,VFC
APH,SLG,L,CLX,UNM,MO,UTX,CMCSA,RL
HUM,CVX,WMB,JCI,KSS,HSY,BEN,SPG,HBAN
PFE,PNC,JPM,ORLY,VLO,HPQ,XRX,HSY,MAT
GRMN,ABC,C,MAA,AXP,EFX,YUM,BLL,MAR
PH,WBA,STZ,LB,CMS,LUV,GPN,REGN,TMO
AXP,CVX,FIS,BWA,GE,HON,COP,XEL,JWN
PBCT,SRE,CME,REG,STX,LKQ,EQR,WM,AAPL
AEE,XRX,STX,SBUX,GWW,ETN,GPN,TPR,ABT
WY,PXD,EW,GE,O,WYNN,PBCT,BWA,FCX
TSCO,ALXN,WY,RL,SIG,ROP,MLM,MAR,VFC
PBCT,HD,MDT,VTR,SNA,GD,DRE,WM,MMC
OXY,PCG,PWR,ORCL,SRE,ALXN,CME,FE,RJF
PXD,FAST,GPC,ETN,MAC,ROK,KSS,ADP,FL
GPN,GLW,COO,MDT,FIS,AIV,ALGN,PFG,AYI
NTAP,ALK,VZ,REGN,TGT,HRL,DISH,WEC,MSFT
ARE,ITW,FDX,GS,CLX,BA,SBAC,EFX,BDX
STZ,EQT,PCG,SPG,GT,MCD,INTC,ADBE,IPG
ALXN,GS,DLR,XEC,ETN,AMD,NVDA,FLR,VZ
PCAR,FLS,CMI,EFX,SLB,SPGI,MMC,FIS,ADSK
ESS,KLAC,T,PLD,EBAY,SLG,EIX,MET,NKE
PNR,LRCX,XRX,FLR,IP,MCHP,TJX,WBA,MCK
CTSH,HST,DRI,GS,REG,URI,ALXN,ISRG,VRSN
FCX,KMX,PLD,AAPL,BEN,AON,SWKS,CCI,XEC
LB,NKE,CNC,NDAQ,CL,AYI,M,AVY,DIS
TRV,HD,SCHW,HAS,HUM,BAX,CSCO,KO,CCL
VTR,TJX,DVN,WY,DXC,FIS,MMM,AEP,BIIB
NRG,STT,SPGI,CTL,GILD,ETR,VFC,UHS,STZ
RCL,TMO,GPN,KMX,RE,M,PXD,FE,PKG
CMA,PPG,KSS,SRCL,SHW,CHK,GPN,NUE,PHM
IPG,MTD,CME,SWKS,FTI,TJX,TIF,AMZN,IFF
AIZ,AIV,KIM,JNPR,MRK,ECL,TJX,BAC,RE
MNST,PHM,WMT,CDNS,VNO,MCK,MO,GT,VTR
COST,AKAM,PNW,PG,GILD,CDNS,DOV,GOOGL,IFF
MAR,MRO,VTR,SYY,COG,WYNN,LEN,RSG,M
VMC,A,GE,DHR,VZ,EMR,GPN,EOG,T
JCI,PCAR,NBL,SYY,BLL,CTXS,AIV,KO,IR
STZ,UTX,ZION,M,LKQ,LMT,CCL,CI,NBL
KIM,IP,EIX,REGN,DXC,MAA,NBL,KLAC,DRI
SYK,FAST,TXT,UNM,ECL,BLL,INTC,CTAS,AMD
MAC,RJF,VFC,GOOG,FAST,DOV,TMO,STT,SRE
ADSK,RRC,SWK,STX,EA,PLD,UPS,SIG,NKE
DHR,RF,ADSK,PGR,PDCO,AVY,NOV,AIV,STX
SPGI,LB,DTE,MAA,EXC,PWR,APH,SCHW,VRSN
PEP,UNM,LH,EW,SLB,GS,ALGN,NBL,VLO
PSA,AYI,HPQ,FDX,ETFC,FIS,CMI,WHR,CMA
SPGI,PGR,AXP,FLR,LB,CERN,SNA,WY,RL
LH,CMI,ECL,WMT,AIZ,APD,GS,IVZ,FTI
LOW,XEL,EXC,AIG,IR,FTI,DHR,AXP,ADM
WMB,EIX,NUE,BMY,APH,NRG,SLB,CMCSA,PPG
AIZ,JWN,XLNX,GPC,FE,ETN,STZ,NRG,PDCO
CVS,PKI,ES,FRT,UTX,WDC,MSI,AJG,HRB
NSC,CL,ANTM,RE,APA,IP,TXT,NDAQ,NVDA
ED,HUM,MDLZ,MSI,RCL,AXP,MO,CB,WFC
COP,IVZ,WMT,AMD,PG,GWW,A,GPN,D
MSI,WY,PH,ARE,REG,STX,TSN,ETR,MYL
LB,IDXX,DTE,KIM,AIG,JCI,CSX,LUV,PNW
MCD,AEP,RHI,CSX,CMCSA,IT,AXP,PHM,SPGI
DXC,DIS,EOG,SBUX,GD,FTI,ROST,GRMN,HSY
UNM,OMC,WY,MO,BIIB,DE,MMC,DLTR,WBA
EQIX,FRT,REGN,STT,SPGI,RTN,AIZ,INCY,IRM
NOC,AKAM,MET,ADSK,CCL,DLTR,AGN,ACN,MTD
PEG,BAX,ETFC,WAT,CERN,CDNS,ALK,MLM,SBUX
KIM,EW,GRMN,UTX,HSY,RJF,TGT,PCG,USB
MRO,RSG,INTU,AEP,PH,CMI,NDAQ,CTAS,CHK
KLAC,LMT,URI,MDT,NOC,HBAN,USB,UNH,PG
AEP,AKAM,COG,NTRS,ACN,OMC,ANTM,SLG,WYNN
FCX,ADP,PVH,CVX,VMC,CTSH,TIF,MMC,SPGI
BLK,HPQ,F,PWR,PNW,AME,OMC,DLTR,A
ALB,PCAR,ADI,HBAN,TMO,PBCT,CVX,DTE,MCK
IR,AES,SCHW,CSCO,AZO,F,COF,AAPL,CSX
PGR,JNPR,QCOM,PKI,NVDA,D,GWW,SIG,M
BLK,XLNX,SLG,IPG,MTD,DLR,LNC,CHK,VRSN
ORCL,HD,PXD,BAX,ADP,OXY,GIS,ZION,SCHW
ESS,WBA,ABT,HRB,SYK,IBM,T,HRL,IP
NOC,KSU,VTR,FAST,STX,UNP,SPG,HSY,OMC
PCAR,MCO,KO,D,HBAN,SRE,IP,DHR,PNW
LNC,CCI,LUV,CERN,CINF,CMCSA,CHK,HUM,SYK
WM,O,MAT,BAC,NWL,EQR,ECL,MSFT,PH
NSC,PRU,AES,AEP,SWKS,ADI,PCG,AKAM,PFG
ADP,GS,MU,EFX,EXC,NFLX,OKE,ADS,REGN
BAX,ETR,DHR,AVB,JNPR,LMT,USB,MMM,NOV
DIS,PEP,KO,PKI,CERN,DLTR,BAX,PWR,RRC
BRK-B,SLB,HUM,INTC,CB,SJM,PLD,MAC,CHRW
RE,LLY,VLO,USB,WHR,C,MAA,LNC,AIG
XRX,EL,VRTX,DRI,TAP,SHW,FCX,MET,AVY
WMT,REG,WBA,JNJ,NSC,MTD,NFLX,VAR,AIV
STX,HOG,CNP,KO,PHM,MYL,HOLX,CSCO,MNST
CVS,K,RHI,LEG,HSIC,JNPR,LEN,XRAY,VZ
PH,COST,CB,D,PPG,LNC,UNH,FITB,AKAM
MGM,EQR,PG,MTD,PFG,BRK-B,UNP,LMT,FL
GRMN,FMC,HPQ,NFLX,MO,EMN,EXC,WLTW,REGN
ARNC,CSX,JNJ,MO,MRK,PLD,USB,BBY,PCAR
STT,CCI,VTR,AAP,A,KEY,AME,O,ALL
STX,PFE,PGR,SO,CNC,APH,SBAC,GT,WHR
MDT,ADBE,XEC,COO,EQIX,PSA,BRK-B,ETFC,PRU
WM,AEP,CHK,DOV,PEP,APA,FDX,CVX,ETFC
NRG,CRM,GILD,GT,BAX,MKC,UNP,CSCO,DHR
AEP,XRX,XRAY,ALL,CPB,ED,VTR,ZBH,HPQ
PEP,PFE,EL,PDCO,PWR,CNP,DE,ECL,MAS
EQIX,DXC,FFIV,ALGN,BWA,NUE,RF,CSX,BSX
DXC,OKE,IRM,EXC,URI,FRT,BBY,RHI,CI
ECL,HON,FFIV,EW,GILD,CHD,UHS,ITW,CMCSA
BXP,SWK,PBCT,GPN,INTU,SCHW,AKAM,ADBE,COG
CMS,XEL,TROW,FAST,NBL,PEP,NWL,IDXX,TRV
EXR,PHM,FIS,ESS,CINF,DOV,REGN,GILD,BIIB
EMN,BAX,AMGN,AIV,ALXN,BLK,SPGI,NOV,MET
PH,JPM,PRU,CMS,PCAR,DXC,MDLZ,PRGO,AES
MCHP,M,PWR,MAC,MAT,SJM,PGR,NUE,WMB
ES,DE,AFL,APD,ILMN,TPR,INTC,KIM,RRC
AZO,BEN,PVH,MCO,HAS,XOM,CVS,CSCO,OKE
CMA,GS,ITW,XLNX,MDLZ,BEN,UNH,LEG,GIS
SLG,VRSN,DUK,WBA,SYY,FITB,COST,ANSS,REG
VRSN,GWW,HP,ADSK,EMN,DOV,BLK,DHR,KO
EBAY,CNC,SYY,AIZ,BEN,BDX,NKE,ADSK,DUK
NOC,AMZN,DE,AMGN,IFF,ADSK,MSFT,KR,ALL
HP,AMZN,EQIX,AJG,GPC,ORCL,EMN,URI,SLG
MMC,SLG,STT,MHK,UNM,ISRG,CERN,BMY,JWN
PPL,WHR,AME,ES,MRK,ARNC,MMC,FTI,ADP
CMI,KSS,HOLX,AVB,GWW,CMS,JPM,DE,AMD
AVB,GIS,CMS,NTRS,ESS,SHW,DRE,MMM,FLR
UNM,URI,AZO,O,WY,AAP,AVB,SYK,CCI
MCO,ATVI,AMGN,XLNX,VZ,CDNS,PSA,NOV,YUM
AIV,GS,BEN,ANSS,IR,WM,O,EMN,INCY
BDX,DVN,MYL,TIF,EIX,NOC,DUK,JNJ,TRV
VNO,WMT,BAC,BAX,WDC,WYNN,XEC,L,HUM
SRE,VLO,DGX,PEP,WEC,DIS,CMCSA,OMC,IT
STT,DISH,ED,AME,ADS,KIM,USB,RF,LUV
MAC,NDAQ,FDX,MDLZ,STZ,PRGO,PFG,YUM,KO
MSI,HES,TRV,HOG,PFG,DHI,WMT,EMN,ADP
PRU,JNPR,DVA,MU,VTR,PFG,HIG,AIV,ETR
ABT,BLL,MET,RSG,APD,SYY,GIS,DTE,ETFC
WBA,HES,PAYX,NKE,SNPS,ACN,BLL,COG,CLX
JCI,GWW,BXP,BEN,AIG,UNP,WAT,MDLZ,SO
NEE,ANTM,DLR,WBA,IDXX,XOM,PXD,DISH,NRG
PPL,XOM,STT,MLM,ADSK,PDCO,AEP,PG,AIG
SNPS,DGX,FMC,ORLY,OMC,MGM,AXP,FAST,EBAY
PBCT,PPL,SLG,EMN,MRO,TMO,GPC,MNST,GOOG
AMZN,WMB,MAC,DIS,BK,FAST,ABT,BIIB,BDX
NUE,IT,SEE,REGN,VTR,JNPR,LOW,MET,PPG
KSS,YUM,HST,ESS,CPB,FCX,UNH,XRAY,BLK
EXR,PHM,ADM,DOV,SLG,LB,FL,HIG,URI
NRG,IFF,ALXN,MMM,MYL,XRAY,CMS,WMT,EL
ADM,MRK,SPGI,AMGN,GWW,CDNS,AES,VAR,AVB
JCI,PCAR,KIM,IT,JNPR,SO,UNH,WLTW,PVH
CLX,ORCL,VMC,WM,NBL,SBAC,C,WHR,IR
UNP,CSCO,CLX,CB,DRE,WHR,TSCO,UNH,MAS
EW,AAPL,A,GLW,PG,KLAC,CPB,IR,PWR
VRTX,WFC,MRK,SYY,GT,AXP,DE,EOG,CB
XRX,SLB,IP,INTU,SPGI,AES,USB,SYK,PPG
SLG,PNC,FAST,CLX,MCHP,VLO,MAS,BAC,DRI
FL,HOG,MET,SIG,BK,KIM,FAST,ROK,FTI
GOOGL,CLX,LB,STX,BDX,COF,ALK,ATVI,DLTR
EBAY,MMM,BSX,ITW,DOV,RF,HRB,MU,DISH
GPC,M,STX,WAT,GLW,UPS,HRB,ACN,MTD
FMC,WFC,SBAC,SYY,A,DRI,NOC,K,SBUX
PDCO,GPN,ROP,FL,EBAY,BMY,EQR,DHI,DE
CPB,ADSK,KR,XLNX,DXC,ACN,GD,PCAR,CNP
EL,CTAS,WDC,AMT,ORLY,PGR,NFLX,NBL,GLW
SNA,UPS,ECL,CHRW,HSY,BMY,MCO,AMD,FLIR
NWL,APD,FLIR,RHI,EQR,BIIB,URI,MAS,CTAS
MTD,AIG,VFC,C,REG,PCG,SJM,ROP,BK
JNPR,DVA,RMD,ANSS,AIV,ARNC,NOC,AEP,RL
INTC,FE,AFL,GPN,MTB,HIG,VNO,CMI,ESS
AVY,DIS,NSC,HIG,PWR,BBY,MAT,MGM,CPB
RL,ZION,ROST,EXC,CCI,HUM,AON,SRE,AIG
CB,L,MGM,INTC,PHM,MDT,VMC,IPG,T
PBCT,MCO,STZ,MRO,XRAY,ABC,ARNC,REGN,AON
HON,MSFT,CDNS,HAS,EL,TIF,RTN,ITW,LMT
PSA,WHR,MRK,SNA,FDX,SIG,WY,WAT,ANTM
EW,HOG,XRX,BRK-B,AES,SYY,FITB,ESS,AIZ
RF,CTAS,PFE,NBL,DOV,TSN,CME,GLW,DHI
PPL,ARE,ROP,MSFT,STX,PFE,MRO,AFL,SIG
BLK,ARNC,LEG,MCK,RJF,GOOG,TSN,ILMN,ETFC
FCX,FRT,MKC,FITB,CSX,KMB,PNW,ADM,C
MSI,TXT,KSS,TRV,IP,CSX,AGN,FL,MTD
MLM,OMC,GIS,RMD,FFIV,EW,LLY,PPG,ETFC
DRE,APH,BIIB,GT,ALL,MMM,LEN,PVH,DIS
EBAY,FCX,EMR,WFC,DVN,XRAY,VLO,IBM,DXC
PVH,DHR,SPG,CMI,MAT,APD,DVA,DRI,NSC
COF,TJX,AVY,FLR,GWW,NRG,APA,EFX,APH
DRE,MAC,VTR,FE,PLD,EXPD,KSS,IPG,MCHP
CDNS,MAS,EXC,FIS,SRE,K,UHS,IVZ,APD
WLTW,SNA,DXC,ADS,MNST,HD,SHW,CRM,STZ
INTU,GOOGL,CINF,AIG,MU,EQR,APA,GILD,AMZN
CPB,RCL,DE,IBM,PHM,PVH,HBAN,MCD,ADI
HAS,HD,AFL,XOM,ADSK,DGX,EIX,KLAC,MTB
CHRW,CCI,LNC,WM,XRX,K,BMY,RCL,IFF
MCD,SRCL,HES,DXC,RE,AMGN,AIG,ETN,DHR
F,NTAP,HUM,PWR,TROW,SWK,LEN,AXP,SEE
ABC,AYI,MTD,COP,WYNN,MCD,URI,USB,BLK
DHI,NEE,LEG,AGN,SRCL,HRB,AAP,JNPR,ROK
CMS,PEG,BA,TROW,AME,ETFC,INTU,MLM,FIS
PRGO,PEG,KR,DVN,MMC,RTN,ORCL,HRL,SEE
OXY,DLR,SNA,PFG,MSI,DIS,LKQ,UNP,EXPD
WEC,PNR,AIG,BEN,AGN,DVA,FFIV,SRCL,ROST
TIF,STZ,HSIC,VFC,IPG,A,DHR,EQIX,MRO
INTC,TIF,SYK,GPC,TJX,ETFC,CERN,ZION,ADP
HOG,ALGN,K,NTRS,NBL,UDR,MYL,EL,MCD
PG,EOG,GWW,MSFT,RTN,SPGI,TRV,EQIX,SJM
MMM,NVDA,HES,MSI,DXC,AVB,NTRS,AXP,SRCL
UPS,O,CVS,MCHP,EW,CTSH,STZ,EQT,DVN
VLO,XRAY,OMC,CVX,MMM,UNM,WDC,A,AVB
TAP,AEP,BAX,EQIX,SWK,KLAC,MMM,HON,LEG
EXC,KSS,ACN,IVZ,VFC,DRE,MAC,DIS,ANSS
TROW,MYL,BLK,MAS,CCI,IDXX,CVX,PNR,PEP
WY,ARNC,VAR,COG,GLW,JBHT,AKAM,ROST,UDR
MO,XRX,SYY,INTC,BRK-B,K,CHD,ADP,TPR
EQT,BK,CCL,DGX,TSCO,DTE,AMT,AIV,KO
COP,ZBH,ADBE,EBAY,SHW,GE,LLY,INTU,LUV
GRMN,BSX,OMC,FLS,JNJ,NKE,EFX,CPB,DIS
RTN,FLIR,FTI,AGN,MMC,AVB,HOLX,BLK,MAT
IPG,BEN,OXY,CVS,CERN,GIS,RMD,PNR,BBY
ORLY,NKE,IVZ,SBAC,LB,FLS,MAA,WMB,JBHT
NTRS,LUV,AFL,NFLX,MMC,EL,ROK,A,SO
UNP,NBL,LB,SRCL,CTAS,MGM,TMO,LRCX,FITB
INTC,CMA,UNM,PXD,INTU,RJF,M,WEC,MRO
MCHP,GOOG,AON,SYK,VFC,AMG,AVY,SJM,CHK
HOG,MGM,BXP,LOW,MCK,UHS,MRO,UTX,EMR
ADSK,CMS,PRGO,BLL,SWK,MKC,SNA,EA,DIS
BLL,WEC,SRCL,FLR,NVDA,HPQ,COF,LB,CVS
NSC,DOV,STT,UHS,TSCO,PSA,ACN,MAR,ARNC
ORLY,PG,LOW,ED,DIS,AVB,MAS,RJF,BK
AMT,DIS,ATVI,FAST,SLB,LEG,D,NDAQ,HES
MTB,UNH,PCAR,BDX,IRM,HPQ,SLG,SWK,NVDA
CTXS,SYY,WBA,FISV,MAR,NSC,CCL,ALGN,KMB
C,NVDA,HUM,CSX,VZ,PWR,ITW,BEN,INCY
FTI,PG,YUM,ISRG,AYI,IDXX,TSN,ED,SPG
NWL,TJX,CTL,XRAY,IT,CHK,TSN,HUM,PG
DLTR,COO,HOG,AVY,SCHW,GWW,HBAN,CMI,GOOG
PH,AMZN,CVS,ROK,O,NUE,CMI,F,PVH
AEE,M,XEC,LRCX,KSS,MAC,PCG,MCO,BEN
HES,FTI,FLIR,IDXX,DRI,PSA,AZO,IVZ,LB
AEE,MKC,INCY,MSFT,TGT,DLR,ORLY,MNST,CHD
DE,AMZN,EQR,REGN,LEN,AYI,CVX,XRX,QCOM
AMG,SLB,ETFC,LB,BK,BAC,PNR,CMS,GWW
WM,URI,AEP,GLW,RRC,PG,TJX,COF,SIG
SBUX,BLK,FCX,MCD,AMGN,PEP,PPL,AMT,KSU
LEG,VMC,HRB,IP,ANTM,LUV,PCAR,MTD,CL
DXC,FLS,SBAC,SYK,AFL,NTAP,APD,APA,MDT
RE,DHR,MRK,AEE,MAR,EA,HST,NTRS,ROP
VRTX,TJX,DGX,AKAM,KR,PBCT,RHI,IR,DRE
FAST,INCY,NFLX,ADI,NVDA,PGR,DTE,URI,LUV
NSC,ARE,GOOGL,MHK,LKQ,ARNC,CMI,DLR,VRTX
AAPL,ANTM,SO,ED,BDX,PH,BIIB,SYK,SLG
FIS,MAT,XOM,NVDA,ABT,JCI,FLS,GT,EOG
DHR,GLW,CHD,AFL,BXP,KEY,VAR,PFE,INTU
MMM,LEG,FITB,LH,OKE,VLO,ABC,ADS,COP
IT,WMB,DTE,ILMN,PNR,AVB,FDX,FISV,CME
FAST,RCL,TIF,CTL,TSN,LRCX,MDT,CHRW,EBAY
SO,CMCSA,SWK,DOV,KSU,WLTW,ADP,WBA,GIS
MKC,HSY,CLX,PH,EQR,COP,TAP,APA,ES
NTRS,PGR,CRM,PSA,MNST,GT,EBAY,AON,PXD
SWKS,SJM,XLNX,ADM,MSFT,ROK,FIS,GS,ALB
APD,MKC,WY,AMT,VAR,AZO,AME,MTB,PCG
ETFC,SNPS,CTAS,ADS,AES,FAST,GOOG,MTD,IBM
COP,MCHP,SWKS,IFF,EXC,BA,DHR,PKI,XLNX
ITW,JNPR,EQT,IDXX,ED,EBAY,PFE,IPG,STX
HSY,PFG,MSFT,AAP,ROP,NWL,EFX,HON,ABT
SYY,CRM,SEE,QCOM,FE,MCD,PNC,TGT,EQIX
PCG,NKE,ANTM,IBM,BXP,VTR,STZ,FTI,MRO
EQT,CDNS,EBAY,NWL,IDXX,WFC,TXT,T,ED
IFF,LEN,ATVI,DGX,TAP,AYI,VLO,FCX,CMA
XEC,AEE,TIF,IRM,RRC,HIG,KLAC,EMN,XLNX
XLNX,DVN,URI,KLAC,BWA,ALB,MAT,AVB,CTSH
VZ,HON,ABT,WLTW,ALXN,ALL,IPG,XEL,MAC
JPM,UNM,DRI,PEP,LEG,L,ALB,LKQ,ES
L,ESS,PSA,SBAC,YUM,IVZ,SHW,DISH,C
USB,VRSN,COO,HRL,CNC,ROST,EXR,WMB,NWL
INTC,GOOG,ESS,NDAQ,CME,IDXX,KMX,APH,MAA
DTE,FCX,PLD,MAC,EL,HRB,ROST,APD,HON
DVA,TROW,DISH,INTC,UNH,VRSN,WYNN,TAP,HRB
AGN,SEE,MHK,CPB,NTAP,YUM,DVN,BDX,NSC
PH,EMN,GT,TSCO,WBA,VZ,SNPS,TAP,RCL
OXY,RTN,MAC,HP,NFLX,EXPD,ROST,EXC,MCO
SYK,NTRS,UPS,PCAR,TAP,AAP,MTD,SEE,ES
WAT,RTN,ALGN,AIV,ABC,UDR,KLAC,XLNX,FDX
MMM,PKI,KEY,FE,C,CVS,NOC,ETN,ATVI
VRSN,UPS,ETR,HAS,RCL,ROST,TMO,BLK,HPQ
AME,CSX,DHI,HRL,AMT,MAT,WMT,RCL,SBUX
ABC,ROST,MDLZ,APD,XEL,SWKS,HIG,PVH,PGR
MKC,CMCSA,DVA,ILMN,AMGN,WMB,MAT,EXPD,PEP
EFX,CLX,CTAS,IR,JNJ,DTE,OKE,RCL,COP
PEG,PFE,LUV,BBY,EQIX,SYY,KSS,PH,ANTM
TXT,CCL,BLL,LH,AFL,CSCO,GRMN,RTN,MYL
FE,SYK,ISRG,AEP,AVB,ALL,ABC,BRK-B,KMX
KEY,FL,TROW,VZ,FDX,VRTX,AMZN,INCY,SO
BDX,MAA,GPN,PFE,CHRW,DRI,DHR,PRGO,KIM
UTX,CMI,MTB,JCI,AAP,RSG,JPM,PKI,ETFC
GILD,REGN,NOC,UNM,HUM,DVA,ECL,PRGO,KEY
CHRW,HIG,AVY,A,LRCX,HPQ,SRE,DHI,APH
CHK,EQR,GT,CMI,ROK,FLR,IBM,IVZ,LRCX
KR,PNC,CL,ESS,HOLX,BAX,WDC,CTXS,DHI
RRC,MAA,WBA,GPC,FLS,NDAQ,HP,HON,FE
STX,NOC,CMCSA,ALK,VFC,AME,WEC,APH,MTB
VMC,DOV,FLIR,PDCO,AIV,MCO,ETN,EIX,INTU
FMC,HD,CMS,WEC,ETN,JNJ,MCO,PHM,AGN
URI,HIG,ITW,ECL,EQIX,MO,RTN,SNA,IDXX
FLS,CHD,WBA,HOG,NKE,SYY,IFF,APD,RMD
AZO,WAT,WYNN,BWA,EQIX,TIF,GT,MLM,UNP
SWKS,EXC,BAX,ABC,YUM,CVX,HOG,NOV,DXC
CCL,COF,AON,NBL,M,FISV,VMC,FLIR,CL
PSA,NOV,ADI,KSS,TMO,BAX,UNH,SNPS,GRMN
HPQ,FISV,GILD,AMG,SYY,XEC,USB,FLR,URI
PVH,NBL,PLD,PG,ACN,VAR,FCX,MHK,HES
FLR,PEP,GS,L,ARNC,GE,JNPR,GPN,PVH
MRO,XLNX,SWKS,BWA,STT,SJM,AIV,ADBE,VRSN
PLD,ALGN,MAS,DVN,FTI,LOW,HUM,HSY,KSU
PH,AFL,CRM,GPN,BAX,FCX,PBCT,DIS,WYNN
VTR,UHS,BLL,DGX,SWKS,CMA,AGN,EFX,XRAY
AFL,GWW,SNA,TPR,ALGN,EQT,USB,GT,MKC
REG,FCX,DVN,TIF,PFE,ES,VRTX,RTN,HIG
ES,SLB,WMT,JBHT,LOW,MCD,WLTW,TAP,HOLX
HAS,IP,FTI,COST,BSX,DE,CNC,HSY,ATVI
EL,EQIX,NSC,DXC,ACN,MYL,IBM,ADI,INCY
EW,COO,IRM,COP,CMA,SIG,CVS,ECL,AME
AES,REGN,WAT,FDX,HAS,ESS,HES,COST,KR
DXC,FE,BLL,AMGN,MRK,PEP,KIM,TRV,AAP
EA,MRO,RSG,HES,JPM,AIZ,CDNS,EXR,HAS
LNC,VAR,COF,HPQ,ISRG,GOOGL,AEE,PGR,KLAC
ESS,XEL,ZION,LEN,WMT,T,CHD,UNM,CCI
NOC,CTSH,SCHW,MYL,A,CDNS,CHK,OMC,ILMN
NSC,VTR,MRK,LRCX,AMG,MYL,BWA,ADI,DHI
SHW,GOOGL,ARE,EXPD,AVB,HOG,AEE,CSCO,PCG
KMB,UNP,NTRS,SBUX,EL,WLTW,ECL,MET,MAR
MMC,ANSS,DRI,RTN,NKE,AMGN,AMD,HBAN,DHI
HSY,PNR,CHRW,ALK,DGX,IPG,MDLZ,PG,KSU
XRAY,FLR,XEC,PCAR,ANSS,SBAC,PH,BEN,CDNS
WMB,AVY,SIG,NDAQ,ADM,AZO,C,CME,MAR
FL,TRV,MDT,PSA,MO,RF,UPS,COST,TGT
GOOG,VZ,FTI,DOV,MAC,ISRG,PNW,PHM,WYNN
DTE,FE,TMO,PGR,C,IBM,MAA,SO,STT
AEE,STZ,EW,XRAY,PFG,CVS,PH,XEC,BSX
CNC,HST,MMM,UPS,AFL,MRO,PFE,LMT,NSC
NVDA,CERN,IBM,NTRS,VZ,PFG,GOOG,SYK,FIS
WLTW,EOG,YUM,APA,AME,ANSS,MCD,ALK,PNR
BAX,DHR,FRT,TSN,PNC,AJG,RTN,ADI,HP
ORLY,MSFT,AMZN,ORCL,FL,NDAQ,EMR,ADM,MDLZ
CERN,CTXS,WDC,A,HD,M,SEE,SIG,MSFT
COP,GILD,TRV,AIG,SRE,TGT,PDCO,SBUX,UHS
SJM,WYNN,VMC,LEN,BSX,PSA,HSY,BBY,INCY
DHI,GOOGL,ETR,CVS,RCL,INTU,HD,ALL,CCI
LEN,EXPD,IDXX,CCI,PXD,HES,SEE,MKC,COF
CHK,PSA,KMB,BWA,ABC,IR,UHS,ILMN,VNO
AAP,ACN,SBAC,WBA,TXT,MET,XOM,OKE,SIG
FCX,ALL,REGN,MLM,MRK,NTAP,DVN,GWW,HES
KIM,PFE,ESS,HES,OMC,CERN,KSS,NTAP,EA
WM,EMR,EQT,OXY,APA,TXT,O,ROK,MO
ZION,WMT,MU,AEE,JWN,AVB,AVY,DVA,GLW
EQT,ALL,EIX,HUM,BXP,JNJ,LMT,KIM,GOOGL
AIZ,CI,VRTX,FTI,KR,HOG,HBAN,KSS,ABT
KR,STX,AME,HIG,CTXS,FLR,CTAS,EXPD,EXR
XRAY,PNC,ISRG,ECL,SNPS,WLTW,PSA,LEN,KLAC
UTX,ETFC,LRCX,HAS,MAA,AEP,MHK,MCHP,HP
AVY,AFL,WHR,XLNX,ABT,AME,IPG,FISV,MRK
ITW,VZ,ES,ALK,LLY,EBAY,MKC,MU,COP
FLIR,HES,KO,JPM,ES,GE,SBAC,CPB,FLR
MET,DE,AME,VMC,NRG,IR,SLB,CNP,AKAM
STX,ROP,WM,UNM,DVA,WDC,M,EXR,UNP
BK,PLD,DLR,WFC,EL,AFL,HON,TGT,MYL
MAS,FFIV,ROK,BWA,FMC,HAS,SNA,ADI,RF
ORLY,GPN,PCAR,DVN,BDX,ANSS,ADM,SPG,JWN
EMN,CNP,MCD,ILMN,MGM,IRM,ANTM,NOV,PG
MCO,TJX,HUM,ETN,DXC,COG,UTX,FAST,LNC
MRO,SHW,MKC,AMT,TIF,IPG,SRCL,ALGN,PAYX
CMI,KEY,HP,ORCL,SNA,ADSK,CVS,PNW,CVX
KMX,CVX,RSG,CLX,MAS,LB,DXC,AAP,NEE
SYY,ALK,COP,RCL,MHK,NSC,FDX,MSI,O
MAA,EA,APH,HPQ,NTRS,ADM,FITB,JCI,STZ
PSA,FE,VAR,NBL,MRK,STT,HPQ,CB,VZ
SPGI,MMM,MRO,AMGN,DISH,HPQ,CCL,RMD,VRSN
USB,ROK,EXC,JCI,PH,ILMN,IT,INCY,NFLX
MYL,PSA,NBL,EQT,FLS,OXY,JPM,IPG,AMZN
ABC,MDLZ,KMX,AEP,CI,LEG,OMC,ZION,ADS
SRCL,CVS,JNJ,TJX,KMX,AMGN,SNA,LOW,CVX
COST,EW,SRE,WFC,PKI,ADP,MCHP,VRTX,EXPD
RRC,JWN,SNPS,PRU,DOV,PLD,ALL,RTN,QCOM
DGX,HUM,CME,INTU,SCHW,MAS,ADS,WMB,FLS
SCHW,CSX,CMCSA,BSX,PSA,L,WM,STT,K
MAS,PHM,SNPS,BBY,HP,MCD,OXY,GT,UHS
ANTM,CSX,STX,ABC,RCL,YUM,BMY,OMC,HBAN
FIS,RJF,RRC,LB,RMD,AKAM,T,BLK,PNR
AKAM,ADI,EIX,PNW,YUM,ILMN,DXC,SLB,BLK
HRL,ECL,ADBE,ALL,CERN,PFG,FLR,MO,DVN
ECL,JBHT,AVB,T,LMT,AME,F,KIM,SNPS
FE,EXPD,LKQ,APD,UTX,BXP,EXC,CMA,KLAC
EXR,HRB,CI,DOV,GOOGL,UPS,PRGO,C,PHM
CTAS,INTC,SYY,HAS,CNC,DTE,VLO,NRG,MAS
UNM,ABC,FITB,GPC,EIX,MDT,EMR,VTR,MCK
C,SRCL,PKG,DVN,EFX,AMZN,EL,COF,VLO
PNR,ARNC,AIG,PNC,FLR,BDX,DVN,F,TAP
C,CHRW,A,JCI,TROW,PAYX,ROK,ALL,FMC
TXT,CNP,ROP,OMC,MTB,RHI,BIIB,RMD,FITB
PEG,IRM,UTX,EIX,ESS,BIIB,STT,IDXX,VRSN
NVDA,SYY,AZO,DRI,CL,K,LMT,HBAN,AMT
APH,AMZN,INTC,AME,PNC,WYNN,SNPS,DVN,MKC
NVDA,OXY,SWKS,CTL,GIS,DVA,MCK,USB,ORLY
CVS,STT,DUK,SCHW,INTC,HBAN,BK,K,VAR
CME,NEE,EA,ES,L,COP,VTR,DRE,GPN
BBY,CPB,XLNX,JNPR,AIZ,MRK,IT,AVY,WMT
XEC,AYI,CINF,ABC,WM,NSC,CRM,SHW,CHRW
IP,ADP,PGR,A,SYK,KSS,WFC,JCI,WMB
EIX,ROP,JNJ,FRT,ECL,WM,BLK,JNPR,BK
SNPS,DRE,ARE,MAC,PAYX,VLO,DTE,PVH,AMT
BMY,GOOG,HIG,XLNX,IPG,OXY,AAPL,CHRW,XEC
ADP,SCHW,KMB,TROW,HOG,CTAS,TSN,QCOM,ORLY
SEE,SNPS,GD,CVS,SWK,MTD,ADBE,WBA,MAA
GOOG,VRTX,MDT,EIX,VNO,DTE,ADBE,AON,SYK
ECL,TAP,MAR,AGN,IVZ,BAC,SPGI,TSN,AKAM
PKI,PCAR,DXC,ITW,IR,SCHW,RHI,KLAC,PNC
MKC,AIG,DVN,CPB,AON,MTD,COP,CNP,C
APD,ILMN,GRMN,AKAM,HSY,DRE,ADS,ACN,LLY
WBA,MTB,IVZ,REG,VRSN,APH,ETN,GLW,HPQ
AZO,FTI,VAR,DHI,PPL,AAPL,CLX,ITW,IVZ
RHI,MDLZ,ETFC,GOOG,YUM,NFLX,AKAM,EXPD,VRTX
STZ,CNC,MDLZ,VNO,XOM,YUM,LNC,PNR,EXC
WM,FE,A,PEP,PCAR,AMT,PNC,EMN,ETFC
WAT,DXC,REG,MMC,ROST,HAS,CTAS,SRE,AZO
ILMN,XRX,VRTX,AIV,KR,MYL,SNA,JNJ,AEP
CNP,TSCO,AXP,BSX,VFC,ADBE,NUE,AJG,INTC
PFE,URI,REGN,PLD,SYK,SBUX,ETR,ADM,DIS
MMC,GPN,SBUX,MLM,TMO,GILD,HSIC,MAT,MRK
FISV,VMC,WBA,F,ARE,CSX,FCX,FTI,ARNC
BAX,PSA,HBAN,MRO,IP,TSCO,MDLZ,CMCSA,DHI
FFIV,COF,TRV,NTRS,MAA,SLG,ROP,GE,GWW
BAC,ACN,AMG,A,CSCO,CMA,COG,FCX,UNM
WLTW,RF,STX,PRGO,KSS,MKC,EL,BSX,TMO
LNC,LEG,SHW,PXD,WY,NTAP,ROP,TROW,NDAQ
COF,HPQ,NWL,OKE,DRI,ADI,ROK,BLL,EBAY
ILMN,VMC,CL,AAPL,LOW,HBAN,VTR,HD,FRT
EQR,PEP,TSN,WFC,JNJ,GS,TGT,ESS,NTRS
AAP,WM,VNO,IRM,ETFC,HD,CL,URI,SWKS
CB,MO,BK,COG,NOV,ADP,BBY,DVA,F
DTE,ESS,ALXN,AMZN,WYNN,BAX,D,AKAM,MNST
VZ,SPGI,TPR,KSU,ADS,FFIV,ARNC,FISV,NVDA
WM,JBHT,DVN,HSY,CTXS,SO,PAYX,LMT,KO
VFC,DXC,KMX,CNP,PH,ITW,ALXN,CLX,LKQ
ECL,ADP,FRT,REG,AME,MTD,CCL,CPB,ILMN
FE,BRK-B,GILD,MSI,ETFC,LKQ,YUM,ITW,COG
AME,BLK,TAP,VZ,NWL,AMG,ETN,MYL,FAST
AMT,ES,USB,MTD,HUM,DVN,AMGN,ILMN,GD
SPGI,CDNS,ADS,SYY,SHW,IRM,ALK,GILD,ILMN
C,UNP,ES,WHR,VRTX,URI,CTSH,DRI,TGT
SIG,NSC,IFF,KMX,HST,GPC,NTAP,CTXS,LEG
PBCT,AVY,WFC,SEE,ORLY,DOV,CMCSA,PDCO,CTXS
MTB,GIS,FFIV,REG,PHM,AJG,MAT,CMCSA,NUE
LB,PRU,ARE,AME,CPB,AIZ,BBY,CMS,MHK
MO,HON,BSX,WMB,D,AMGN,PBCT,CLX,BBY
ALK,CPB,MYL,JWN,MO,HOLX,MCD,LLY,OKE
COO,HSY,PPG,HIG,ANSS,HSIC,BAC,IRM,GS
COF,GPN,ARNC,WAT,NSC,UPS,FDX,MMC,RHI
HAS,ESS,SO,GPN,AIV,CTXS,ETN,AVY,CHRW
PCAR,BWA,CMI,CB,ADS,CDNS,BA,LEN,CCI
LUV,JPM,ARE,ISRG,PH,GD,RF,KLAC,PBCT
MMC,CERN,MCHP,HON,UNM,ADI,ALXN,SO,REGN
RCL,BSX,BIIB,EMN,LEN,MDT,MYL,ARNC,AMD
KSU,VMC,RRC,KIM,FL,VRTX,NOV,TAP,CMI
HRB,CME,AVY,ACN,FTI,IBM,ITW,KMB,ATVI
CCI,OXY,PKG,HRB,TMO,AIG,STX,FDX,VAR
DLR,NOC,LRCX,AYI,NWL,CVS,GILD,HPQ,IRM
PFG,DRE,NVDA,ARE,ORLY,KSS,VRSN,JPM,ARNC
HSY,JNPR,VTR,ROST,MSI,ALGN,DHI,AIZ,KSU
DE,WLTW,KO,XRX,KSU,SCHW,HOLX,LEN,WMT
PAYX,RL,ETN,AEP,EMN,CMCSA,DLTR,WBA,NKE
TPR,D,XEC,AVB,GD,MCK,SNA,NSC,FDX
KSU,VZ,WBA,JPM,AES,DXC,BMY,PRGO,PVH
UPS,GRMN,C,CL,VRSN,BAC,BLL,WDC,MMC
ADS,LB,PDCO,IFF,EQT,SJM,SNA,PEP,CMA
ESS,DLTR,NTRS,PG,BRK-B,ISRG,NTAP,GOOG,DXC
CNP,NKE,NWL,LMT,TSCO,NVDA,ED,SEE,MET
UNM,SLG,MCHP,DHR,IVZ,HOLX,FLR,KMB,PFG
BLK,WHR,NTRS,MCD,GLW,IT,TMO,KMX,RTN
FLS,AEE,UPS,ROST,EXC,GD,AIZ,KLAC,MMM
KLAC,AME,AVB,RJF,HRL,DRI,CLX,AIV,CNC
GPN,CHRW,EFX,PXD,AIG,MTD,CDNS,BK,NFLX
GWW,FRT,KMB,GPC,MMM,VLO,HST,NDAQ,SJM
EQT,APD,CMA,TGT,XLNX,VMC,JCI,INTC,ADP
AGN,O,GRMN,HON,JBHT,SIG,INCY,DE,DHR
AMG,EQT,MNST,IR,GIS,NTAP,C,DGX,KIM
PKI,IR,ALK,VTR,DIS,MMM,GS,K,DHI
LH,PKG,SBAC,BIIB,VNO,SLG,VRSN,NRG,AXP
HIG,IPG,CRM,BIIB,ARE,AYI,ANTM,LB,FITB
CTXS,RE,ILMN,FDX,XOM,WY,DGX,VRTX,ATVI
HPQ,PLD,IFF,GD,MKC,NTRS,STT,LKQ,AAP
NRG,CCI,ADSK,AYI,PNW,AIZ,FCX,FFIV,ABT
L,IDXX,MSI,SEE,DUK,EMN,VAR,IP,MCO
CCI,BRK-B,UNM,TROW,KO,NDAQ,EQR,RSG,DISH
KR,PRGO,WAT,PKI,EL,WM,TSN,IT,ORCL
APD,SEE,OKE,VMC,NTAP,INTU,PRGO,HIG,CI
LKQ,DRE,HIG,FLR,PCG,DOV,CVS,UNH,ADI
FCX,APD,FMC,ANTM,IFF,RTN,VNO,VZ,FRT
UNM,ANSS,ALK,MTD,DUK,AYI,CHD,TAP,MMM
IRM,PVH,LLY,MKC,M,RHI,CNC,MCO,ABT
GLW,MCHP,COP,MCK,PDCO,FDX,GRMN,PRU,SBUX
ECL,BBY,KSS,BDX,AIZ,AMGN,LUV,PFE,JCI
UHS,AMGN,BEN,BRK-B,VZ,CDNS,PSA,COF,GOOGL
EQIX,IFF,CVX,NOC,GWW,STZ,LEN,NEE,UTX
MO,PBCT,ZBH,F,DISH,MAA,TMO,ES,VFC
CHRW,NOV,AAP,SEE,ACN,DUK,FCX,ED,CINF
XLNX,FIS,ETFC,PCG,PEP,AMZN,ROP,CTAS,FCX
L,MAA,ETFC,IP,ABC,SLB,ROP,PWR,PNR
COST,MRO,RJF,F,FLS,BXP,LEN,AZO,KMX
WHR,ED,STT,RL,FISV,MTD,AMT,RTN,FE
BBY,DE,NBL,GD,CCI,CVX,AMZN,CHK,CCL
IPG,BWA,AMZN,AIZ,DGX,VRSN,AES,GE,ITW
MU,XEL,ES,TRV,CHK,IR,ROK,NKE,PSA
COO,GRMN,KIM,AMG,CHRW,PAYX,RSG,FLS,RHI
PWR,XEL,DUK,PH,RL,PCG,AEE,KLAC,PEP
SNA,SCHW,XRAY,MRK,FDX,FIS,CCL,ROST,NDAQ
DIS,MYL,EW,NKE,GT,HAS,SNPS,RCL,AFL
CRM,IBM,ETFC,URI,TROW,IRM,MDLZ,OKE,LMT
MAR,CME,BLL,NOV,SRE,CERN,HSY,AMGN,RCL
AIV,IBM,TMO,CVX,LUV,OKE,SJM,PH,DGX
DUK,SLG,STX,UHS,DXC,CSX,TSCO,GOOG,MCO
GIS,PRU,PLD,DUK,USB,EMR,FAST,AJG,MHK
AMG,EFX,AIV,ESS,C,FE,DIS,MTD,ROST
FISV,CINF,ETR,YUM,HOG,FFIV,CTL,K,GPN
RF,GPC,MCD,MRO,KO,PBCT,AVY,MAC,DLR
SWK,CMA,NTAP,SPG,MCD,ADI,CL,NRG,JPM
DLTR,LMT,RL,XOM,TROW,ALB,IRM,PAYX,SYK
CI,PVH,NBL,ADM,UHS,XRX,KLAC,ACN,AZO
WAT,GOOGL,SEE,DRI,DTE,VTR,MCD,KO,COF
PEG,WHR,GIS,AEP,GOOG,PPL,FDX,FLIR,JNPR
PKI,NTAP,RJF,ADI,APH,HSIC,XLNX,ADSK,PPL
GE,M,WDC,EQT,CPB,NFLX,NKE,MO,VTR
ABC,LB,LNC,ISRG,GE,SIG,DLR,DE,BLK
IR,TGT,VNO,PPG,PXD,IT,K,PCAR,COST
FFIV,CMS,SIG,MAC,KR,ETFC,NTRS,MU,IFF
HOG,PXD,SPG,HST,GLW,MAS,CI,PGR,PAYX
CINF,MO,XOM,FITB,GWW,STX,NUE,COP,O
MTB,BMY,SYY,MRK,GE,YUM,LH,PHM,FIS
CSX,ALK,LLY,LOW,PFG,BLL,SLB,CTXS,CRM
WM,FMC,BK,LNC,SLB,KEY,GPN,L,BEN
CTL,HD,FL,ETN,HOG,AIZ,ESS,FE,WMB
BLL,GOOG,WBA,EL,RE,PCG,SJM,CHD,DGX
MKC,SBAC,FRT,PGR,WBA,AME,XRX,KSS,FMC
KMB,GILD,OKE,VFC,XEL,PCG,NEE,EXR,SPGI
OKE,PFG,AEE,NBL,PDCO,XLNX,CVX,LH,TRV
GPN,VAR,GLW,CPB,AFL,LRCX,EFX,KMX,HRB
LEG,FL,GPN,ESS,FCX,EBAY,ES,FTI,AAP
RF,EXPD,JNJ,JCI,NFLX,DVA,EQIX,CNC,SYK
LLY,MET,ZBH,MSI,DVN,NRG,SEE,SBAC,ANSS
AMZN,SJM,PSA,AJG,VAR,IFF,SYK,TPR,GD
TMO,MHK,MSI,AAP,TGT,XEL,PPG,RL,SRE
GD,JBHT,CDNS,ANTM,ABT,MMC,CMA,MCD,VTR
M,MCK,CHK,CPB,SNA,PNW,GLW,ETN,IP
SCHW,CME,CTAS,RRC,XEC,PKG,DLR,FITB,LB
PHM,BRK-B,TROW,IT,FTI,GLW,APA,RHI,BEN
ALB,YUM,APH,C,PNW,XRAY,HAS,COO,WEC
AAPL,WLTW,PCG,STT,NOV,EL,DLTR,BMY,ADM
GPC,NEE,URI,JBHT,MDLZ,TAP,DOV,EQR,AMZN
HON,RJF,LH,HUM,MO,PKI,LUV,GOOGL,L
DRE,ILMN,HUM,CTAS,VNO,ETR,HD,TSCO,AIV
HBAN,SO,BEN,CRM,A,ABC,NTRS,CCL,IDXX
LMT,FDX,GD,CTAS,JWN,FL,ALL,UPS,WHR
RJF,IBM,ARE,TSCO,RSG,CTAS,MSI,FLR,GOOGL
STT,MGM,SHW,EA,SPGI,DXC,WEC,CTXS,CTSH
FITB,FCX,PNC,CB,GPN,CDNS,ETN,UNP,IR
DUK,LUV,OMC,VLO,PEP,PG,PLD,WM,VMC
M,ISRG,GLW,GILD,EOG,PNC,VMC,PPL,PEP
DRE,EMN,EW,ECL,NVDA,LB,XRX,SLG,SCHW
IDXX,RCL,AMT,AON,OMC,HRL,CMCSA,STX,BEN
AIZ,EFX,CSCO,USB,RE,PHM,KIM,ROK,CME
UTX,ES,HUM,NSC,LKQ,ALB,CHD,RCL,AMGN
WFC,ZION,HPQ,EFX,INTC,SRCL,HUM,MTD,PKI
SYK,CMI,BDX,BK,GOOGL,EXC,SRCL,CSCO,ARNC
WMB,CMA,APD,WDC,PDCO,KR,ORCL,WM,PAYX
IR,APH,AEP,MAT,TAP,HAS,IT,TMO,GPC
PBCT,IBM,HP,DLTR,CTL,KIM,TJX,ANSS,ACN
TGT,COP,NDAQ,TSCO,VZ,ETN,PDCO,ADS,XEL
RHI,MRK,KSU,MKC,CME,BLK,IVZ,KIM,CTSH
SIG,EXPD,FE,BAC,BIIB,ESS,RJF,CCI,JPM
GD,SPG,RRC,DOV,ABT,ZBH,EFX,CPB,KMB
WFC,BSX,ATVI,DIS,NEE,OKE,BBY,MMC,DHR
F,EMR,LEN,PEG,AME,GLW,HES,JNPR,PG
IPG,BLK,AKAM,SLG,GWW,AEP,ETN,PEP,LEG
CHD,GE,IBM,ORLY,APH,NWL,ALK,GPN,XEL
RE,EBAY,AON,MHK,CL,C,ETFC,DOV,GILD
PCG,SRCL,GRMN,JWN,BIIB,PGR,CHK,FTI,AAPL
MTB,NWL,IPG,SCHW,REG,RMD,WMB,ADM,MCD
MRK,NRG,BAX,NKE,BA,NOC,ORLY,RCL,ITW
LOW,EXC,RJF,CVS,MRO,ETN,PPL,PCAR,FCX
ES,CSX,MKC,FL,GOOGL,LKQ,KR,EXR,WYNN
NUE,BLL,PEG,RCL,PCAR,LKQ,PCG,SBUX,LH
SYK,ROP,EFX,ZION,AEE,CMA,UNP,TAP,CCL
PFE,ABT,MCHP,DOV,K,PRGO,CNP,SNA,BIIB
PAYX,IFF,IP,EOG,T,GIS,JBHT,SIG,DIS
SLB,LNC,SBAC,MMC,ED,PPL,ABT,ALB,PRGO
JWN,FCX,AYI,FE,HD,ZBH,LRCX,FMC,AXP
PPG,DOV,HBAN,EW,RRC,SNPS,JBHT,GLW,DXC
MTD,UHS,CSX,IT,UPS,GD,WLTW,KMX,MET
ACN,CTL,MCHP,WAT,PRGO,PRU,APD,HRB,IPG
RRC,AMT,WYNN,DUK,CVS,UNM,CB,K,ANSS
WHR,IVZ,PSA,WEC,AMG,CCL,AMD,INCY,HP
WYNN,ADP,PNR,GS,BSX,ORCL,NKE,TSCO,ALL
PBCT,CSCO,GWW,F,EXR,ZION,MGM,BAX,EL
GS,JCI,EL,GLW,ANSS,TSCO,CTSH,L,SCHW
ESS,MET,DHI,NTRS,ABC,EIX,FAST,DVN,VMC
SHW,BEN,PVH,KSS,NFLX,TXT,FIS,VFC,COP
PCAR,DLR,AMD,AEE,RRC,PKI,ILMN,APA,SYK
TGT,BSX,SLB,MET,BLK,WFC,FTI,XRX,SPG
JCI,ADI,CMI,EQIX,ADS,VAR,UNM,EXR,KEY
APD,MCHP,GD,JPM,SYY,CVX,DGX,AME,O
GLW,NKE,MRO,ADS,MAS,SNPS,C,MET,WLTW
IVZ,ETR,PNR,VNO,MKC,IT,O,AGN,FIS
UTX,SEE,COST,MCD,AMZN,MO,LUV,RSG,SBAC
LKQ,ETN,INTC,PAYX,MYL,MCHP,NTRS,ADS,JBHT
D,URI,PG,AGN,MMC,UTX,USB,GOOG,VTR
GS,TXT,FIS,TRV,MTD,ORCL,CPB,CMS,BDX
IRM,DE,NTAP,SLG,AAPL,GILD,LH,LMT,MET
ADI,CMCSA,HES,KMB,TROW,SWK,F,DIS,HAS
TXT,PEG,MU,CCI,MO,PCAR,PNR,JNPR,LRCX
FRT,PEP,PHM,XLNX,HRB,FFIV,EBAY,QCOM,ESS
PKI,CHD,SJM,BAC,LLY,FCX,PNC,VNO,PRGO
PFG,BBY,CME,ETN,OMC,ISRG,BRK-B,XLNX,HIG
RJF,MU,ITW,IT,NOC,GS,SWKS,HBAN,STT
GPN,OKE,EIX,IR,ABT,EOG,ALGN,PKI,DHI
PHM,LOW,AIZ,KSS,QCOM,UPS,NDAQ,KO,HPQ
GRMN,ABT,EQT,MMC,URI,HBAN,BAX,RCL,SLB
AME,EFX,WM,RHI,WFC,MTB,MO,UDR,JNPR
VRSN,PSA,JCI,PCAR,VNO,ALXN,PVH,CCI,MMM
MAA,EQT,PEG,YUM,MRO,FISV,IPG,CSCO,GD
FLS,BSX,ORLY,SPG,AAP,JBHT,HIG,STZ,MO
EW,CME,AZO,PEG,ADSK,LOW,ETN,ES,EA
BEN,FCX,RTN,AMT,USB,ADP,FE,PHM,M
COP,AKAM,CB,FCX,ORLY,RTN,UNM,JNPR,EQIX
NKE,IPG,DHI,VMC,SLB,CB,O,STZ,BSX
HOLX,SNPS,CDNS,EQR,PH,AIZ,PSA,ETR,GIS
PAYX,IP,AEE,PKI,ETR,PCG,MCHP,DIS,CL
MCD,GPC,NOV,TRV,BBY,BIIB,ZION,ALB,EMR
UNM,BWA,RHI,VRSN,EBAY,TJX,ETN,MNST,MCD
CHK,CSCO,DLR,NEE,JNJ,KMX,LB,CRM,FITB
PKG,VFC,IPG,VRTX,ESS,FLR,XLNX,BLL,SEE
MYL,HBAN,ROK,FMC,VFC,JNPR,SNPS,ACN,DRE
GS,ADM,FE,DXC,CHD,DIS,PKG,ISRG,FCX
OXY,IBM,XOM,SHW,FLR,CSCO,SWKS,BK,NDAQ
AIG,HOLX,AME,NKE,COST,PEP,DRE,EXC,M
TMO,PPG,MAR,CHD,MYL,COST,ATVI,JNJ,GS
MHK,EIX,BEN,BBY,DIS,LUV,CHK,KSU,MRK
HBAN,CCL,XEL,FLR,AYI,MGM,RSG,LLY,EXPD
PGR,EQIX,VLO,FAST,ATVI,SJM,GWW,EFX,PRGO
DGX,SIG,NFLX,IDXX,IT,XEC,WDC,ROK,KEY
QCOM,ALXN,APH,DGX,MU,HRL,INTC,KSS,FFIV
XEL,SRE,AGN,ILMN,FDX,MAS,COF,NTRS,ADI
AEE,PCG,VTR,EXPD,STZ,HIG,VLO,EQR,MO
UTX,STX,PG,VTR,ADP,O,PKG,MTD,TXT
UDR,SRCL,KR,SIG,A,AME,IFF,OKE,NEE
CMS,INTC,PAYX,SIG,VLO,GD,PKG,PEG,O
HOG,WMB,CME,PWR,AMZN,ED,OKE,LB,SWKS
DHR,CERN,COF,EMN,SIG,BXP,CLX,XLNX,MGM
XRX,NTRS,PNW,LEG,AIG,PPG,LB,ADS,XEL
LEG,PRU,SRE,VRSN,NEE,RRC,DRE,JBHT,IRM
FIS,VZ,WAT,DTE,MCK,MAS,PH,DOV,HUM
FLS,CTAS,VLO,SPGI,BIIB,KMX,CLX,AYI,FLIR
AEP,XEC,QCOM,ADBE,C,GD,DHI,HOG,LNC
ETR,DGX,NEE,BDX,ADI,CHRW,EW,PPG,HST
VTR,AEE,MRK,ROP,INTC,ABC,BA,FL,SCHW
WY,AAP,IRM,HON,IFF,NOV,KSU,AGN,DLTR
MAC,SIG,BLL,ANTM,LRCX,SRCL,MGM,BA,AMGN
TMO,CCI,IVZ,FAST,LH,SNPS,PNC,ETFC,RCL
JBHT,EXC,TSN,MNST,LKQ,COP,MGM,URI,CSX
REG,IDXX,BDX,SHW,MDT,AIZ,WY,SJM,PRGO
NKE,TGT,AVB,STT,SPG,BIIB,VRTX,PNW,MLM
ETFC,CNC,CHRW,MCHP,XEC,ABC,AVY,CMI,RTN
RTN,APD,HIG,FDX,PRU,KMX,NTRS,PBCT,AMD
VAR,TROW,GS,SPGI,SPG,ABC,EOG,PFG,SYY
GT,AMG,FMC,FITB,LRCX,WBA,MCK,GPC,MHK
FE,UDR,GD,SLB,ATVI,GRMN,MU,NVDA,LUV
AAP,SNA,ZBH,MCHP,STT,PKI,MAT,PFE,MAR
PNR,HPQ,KO,FFIV,DOV,JNJ,AFL,AIZ,LMT
NUE,SO,CLX,TROW,CHD,ANSS,AEE,SBUX,EL
PLD,HIG,EIX,AIV,SRCL,AME,GD,OKE,GRMN
MRK,UDR,AON,CTL,SJM,WEC,TXT,PKG,VLO
FMC,WM,MET,REGN,GOOGL,AMZN,DUK,ANTM,TMO
KR,DE,REG,GILD,HUM,STX,WLTW,T,DLR
MTD,CCL,ALGN,MET,F,GWW,VMC,BIIB,GPC
KR,INTC,EMN,GILD,JPM,CNC,WFC,SWKS,CDNS
MMC,LOW,XLNX,BAX,MCO,PFE,UHS,SBUX,PEP
SPGI,KR,INTU,LKQ,AVB,BSX,SYK,PSA,SBAC
PCG,NFLX,PRGO,SBAC,FL,CINF,DXC,TXT,GE
MLM,DRI,APA,PEP,IVZ,TJX,GD,SJM,MO
ALL,RCL,ETFC,RTN,MAA,RJF,HRL,MYL,COF
IRM,SWK,CMCSA,AMGN,LRCX,WHR,MDLZ,LOW,PKG
TROW,AON,MMM,PLD,XLNX,GT,WLTW,DHR,CERN
VRTX,PEG,C,EW,NOC,RTN,INTU,INTC,PCAR
AZO,ADBE,HD,PLD,PNR,NFLX,KLAC,ZBH,CSCO
LRCX,PNW,PNC,FL,ARE,FLS,CSX,AME,ANTM
STX,VZ,NTRS,HIG,AON,RHI,PDCO,DLTR,CCL
BMY,EOG,FL,AEE,CTL,COO,SIG,GPC,PHM
MSFT,CTL,DXC,AEP,LRCX,ITW,AIZ,MO,TXT
AZO,PCG,APH,RRC,BMY,WHR,MRK,GLW,ALK
ARNC,MHK,MKC,PEG,GILD,MAC,EFX,LB,IBM
AES,DUK,IP,WBA,EOG,RMD,ETN,RRC,CINF
HP,RHI,MCO,VTR,CL,REG,GOOGL,HES,CMCSA
VZ,ALGN,FFIV,MRO,APA,PSA,XLNX,ISRG,ECL
HOLX,EBAY,KO,RCL,ALB,BWA,FITB,SO,MAT
VMC,NOC,F,MU,APH,WM,RTN,HD,RL
AIV,BBY,O,F,INCY,RCL,PXD,FAST,WAT
MAC,DLR,EOG,GOOG,MCHP,MLM,AYI,SLG,CPB
SNPS,AZO,NOV,KR,HBAN,MSI,CSX,TROW,ZBH
AVY,ABC,PG,ROST,JCI,GWW,CCI,CNP,MO
FITB,PNR,NOC,MMM,NTRS,SPGI,CMA,CL,IBM
CMCSA,CB,NTRS,PDCO,ROK,UDR,CERN,NOC,GT
WDC,CME,UDR,MCK,ETN,FFIV,CTL,AEP,VNO
CTL,NWL,AMT,HSY,ISRG,ADBE,XEL,MNST,NTAP
LKQ,ORLY,ARNC,COP,DOV,NUE,MSFT,HBAN,FAST
AAPL,DIS,CME,FDX,URI,VTR,PEP,ADBE,PRU
REG,PRU,RL,ANSS,FFIV,TPR,ALK,MDLZ,RRC
DISH,NOV,QCOM,KSS,HPQ,STZ,KO,ROP,DVN
UNP,DVN,MDT,MDLZ,HD,ETFC,ADM,IR,WY
RE,INCY,WMT,VLO,CINF,DGX,LRCX,LOW,KLAC
SPGI,WM,ACN,AVB,OMC,GLW,FE,M,AXP
ADM,JNJ,AYI,ORCL,MTD,RRC,FLIR,LLY,ISRG
JPM,KSU,EQR,EQIX,CL,MCO,LNC,BEN,FCX
COF,PBCT,MHK,APD,CCL,LUV,WMB,RRC,CCI
NBL,HST,UNM,WY,APH,AKAM,CMI,EOG,DHR
AMG,COO,ROP,UNP,AEP,FMC,VAR,DLR,MCHP
INTC,MMC,AKAM,EOG,PPG,GOOGL,BEN,UPS,HST
DLR,KIM,IR,VNO,MSFT,BAC,PLD,ANTM,LOW
AES,MTB,WDC,HUM,VRTX,CINF,TSN,FRT,HRL
IBM,UNM,ETFC,VRTX,AYI,ESS,KLAC,CME,FDX
DRE,IR,MAC,AXP,STX,MCHP,MTD,HP,SPGI
PFE,ARE,AMD,GILD,OMC,DOV,SYK,AMGN,RMD
REGN,RSG,MMM,DE,WMB,CHK,CLX,MCK,HOG
BA,CL,CTL,MMM,ALXN,HPQ,FCX,EXPD,DVN
PG,PPG,PVH,BK,UNP,WAT,ABC,PWR,IRM
SWKS,CLX,NFLX,PDCO,IRM,ROK,NUE,PBCT,UDR
ESS,CMS,MCK,MMM,HAS,CMA,CNC,ROST,AEE
MAR,DLTR,ADM,O,GPC,IRM,KMB,GS,MAC
COO,BK,ALGN,ISRG,D,CDNS,FIS,C,PH
SJM,IFF,PBCT,PCG,AMT,INTC,SWK,MAA,T
SWK,ANTM,APA,ABC,PGR,SRCL,LUV,CHK,CCL
HBAN,LMT,SBUX,NFLX,SCHW,WDC,HIG,VFC,MHK
CMA,BDX,PHM,MLM,CVS,ARNC,NEE,IPG,MCK
REG,MYL,JWN,FITB,KIM,LEN,SO,SRCL,CERN
CHD,PKG,KMB,BBY,BAX,HON,GS,COG,RCL
TXT,SRCL,IBM,CNP,ISRG,CL,MU,DOV,OMC
ALL,VRSN,RRC,SNA,REG,HD,GOOG,EXC,CL
MLM,L,LEG,ETN,AAPL,KO,ZION,EXC,CERN
ES,APH,CRM,OKE,RJF,FE,SNA,ADSK,ABT
MNST,AIG,SLG,ALL,PG,EXC,SBAC,GT,ORLY
GILD,LLY,CME,XRX,SRE,APA,NOV,ADP,VTR
PSA,WFC,EOG,GILD,MDLZ,CTSH,MLM,VMC,DE
LRCX,DISH,XRX,RMD,ZBH,BDX,TMO,ALXN,HRB
VRTX,YUM,HSIC,EXR,ALL,NDAQ,MNST,OXY,MTB
BA,GILD,TSN,PNW,RHI,IBM,ETFC,ED,EXPD
JPM,CTL,CI,AZO,FE,BLL,ARNC,HRL,NKE
BXP,ROP,SPG,IDXX,TPR,NFLX,CPB,CTSH,PHM
SO,GOOGL,RHI,ZBH,NRG,KMB,BLL,KSU,PHM
MAS,ZBH,ALL,CDNS,MMC,NOC,GRMN,TJX,JWN
UNM,ESS,HAS,VAR,ZBH,AXP,TRV,RRC,CSCO
HIG,ADBE,FITB,ACN,BSX,VLO,ADI,FDX,CTL
IBM,MLM,SIG,M,ORCL,T,DLR,ADM,ABC
AMZN,JPM,IRM,EXR,AAPL,AYI,PLD,BA,CMA
AES,CNP,GOOGL,FAST,MAT,JWN,L,FLIR,GILD
WYNN,IPG,GOOG,KSS,PNR,SRE,UDR,COO,CTL
LB,PRGO,GOOG,PSA,MLM,PRU,STT,DGX,HSIC
AVY,PVH,CTSH,COG,D,MGM,BA,RJF,TMO
CTL,RTN,OKE,UNM,ALXN,MCHP,BLL,SBUX,ALK
BRK-B,DUK,WDC,ALXN,CTAS,COP,LLY,ADP,LEG
ETFC,ROP,ETR,PEG,PRGO,ACN,TPR,LMT,SNPS
SLB,INTC,EQIX,XOM,AIZ,EBAY,SLG,AMT,XEC
MMM,IFF,ADM,LEG,VZ,ROK,FISV,APD,AIG
JNJ,EQT,FE,SEE,PXD,ARNC,AXP,NTRS,D
COP,LNC,AKAM,XEC,USB,CCI,LRCX,DISH,MMM
ANTM,LOW,KMB,F,IRM,SBUX,ALXN,TAP,GIS
GIS,PCAR,AZO,EBAY,GOOGL,INCY,MSI,BIIB,TMO
JCI,MSI,CCI,WM,LOW,GOOG,WBA,AMG,SPG
STT,PKI,WMT,DISH,CRM,AON,WHR,AMGN,PFG
LEG,AIG,VRSN,ACN,FLIR,DIS,WYNN,ADI,SO
SJM,HRB,JCI,ABC,MCO,KEY,LKQ,FTI,MAR
SBAC,NSC,DTE,DE,ALL,CNC,STX,ADI,GE
ARNC,AEE,NOV,ALK,DLTR,ZBH,FTI,AIG,VZ
FDX,GE,ADM,EL,WBA,ROST,WAT,JPM,PSA
AAPL,EMR,QCOM,NOV,ALXN,WMB,CNC,DLTR,CHRW
IP,EQIX,INTC,HST,OXY,USB,CSCO,SRE,GPC
NRG,D,PLD,BA,KSU,WDC,DE,COST,IP
BEN,BLK,COG,UHS,CHRW,ALK,WFC,DRE,PCG
ALXN,MAS,CRM,EL,MCHP,DHR,ADI,ATVI,CMI
MAS,SLG,SNPS,CMS,SLB,DHI,MGM,HUM,MRK
ADM,RE,SPG,BEN,MET,PFG,HUM,JPM,EMN
BMY,KSU,GWW,CTXS,BEN,LH,DLR,AAPL,CVX
AME,GOOG,RCL,BA,DVA,SYY,XLNX,NEE,RHI
PEP,CERN,PAYX,WEC,DVA,XOM,FAST,ORLY,VZ
REG,GOOG,PNW,VLO,JCI,UNH,BLL,UDR,BLK
GOOG,GRMN,FLR,PXD,BXP,XEC,DHI,MSFT,AXP
BAX,CTL,PKG,F,MCD,VNO,LNC,FLS,LOW
ALL,WY,KR,VMC,AXP,ITW,LB,ETFC,UTX
EBAY,COO,EXPD,WY,SLG,TPR,MCK,DISH,MHK
AES,UDR,ORCL,MRK,CNC,MAA,INTC,MDT,ILMN
LH,TMO,WMB,FLS,MHK,ADM,RL,FE,PRU
K,BAX,GILD,LLY,MET,ED,ETFC,JWN,UTX
XOM,NDAQ,AMT,YUM,KIM,FAST,OXY,CMS,TRV
AVY,BIIB,ABT,MTD,ISRG,CMS,SRE,PNW,A
MYL,BK,ECL,GT,GOOG,HRL,LRCX,MCO,MKC
HOLX,TSCO,NVDA,INCY,AVY,TPR,SPGI,ILMN,EW
INCY,O,IBM,YUM,CTSH,WEC,PPG,GWW,MRO
BIIB,MMM,WDC,PG,MHK,WBA,COO,RRC,CNP
ES,MAR,CERN,EL,TAP,CHD,HSIC,RCL,TSN
SRE,GOOGL,ISRG,URI,HES,APH,AVB,XEL,FMC
EIX,CMS,FISV,ACN,ARNC,AVY,ALB,AIZ,NBL
GPC,SO,CINF,ANSS,HSY,IPG,CME,CPB,K
PSA,PKI,TRV,WYNN,AJG,EIX,BBY,HUM,SYK
PFG,ADP,PPG,HBAN,HD,AMGN,COP,SPGI,CRM
RMD,CLX,NDAQ,TAP,SLB,APH,PNW,RTN,MU
IFF,AJG,JNPR,CHK,SRCL,GE,CHRW,TIF,ORCL
IP,K,SNA,SLB,VLO,AJG,CSX,CTSH,AXP
UHS,DIS,PFE,AFL,CNC,PPL,ADS,A,PEG
BDX,KO,COG,NBL,APH,MCD,TJX,ALL,VZ
IVZ,TSN,PKG,CTSH,CINF,KR,JNJ,AVY,SPG
LUV,NSC,AKAM,ADS,AXP,ES,ETR,M,EQT
XRAY,SLG,VNO,EMR,M,ALXN,ORCL,LKQ,REG
SEE,HUM,INCY,BBY,CERN,WBA,PRGO,KSS,PDCO
CHK,NKE,XEC,JPM,LOW,CTXS,DLR,COST,ROK
MMC,BLK,OMC,HRB,WDC,UHS,WBA,ANSS,KMB
TSN,RF,PXD,AAP,ADS,MGM,EMN,NSC,ORCL
UTX,DOV,PVH,OXY,BRK-B,STT,XRAY,MDT,BK
DTE,DVN,MLM,OKE,CHD,MMM,SHW,LKQ,M
CTSH,KMB,VLO,NKE,FISV,TAP,ABC,AMGN,EXC
MYL,DXC,SWK,RHI,ZION,DLTR,COF,CTL,LRCX
PLD,STX,ATVI,CCI,PPG,VNO,TRV,TSN,VFC
PHM,GLW,DVN,AKAM,HUM,GWW,SPG,VMC,WFC
ADSK,AMZN,NDAQ,CTXS,JBHT,AES,IVZ,NOV,BMY
CCL,HSY,SPGI,ITW,BWA,MCK,KMX,PFG,MCD
BMY,MNST,MDT,INTU,JPM,PPL,PKI,KMX,MDLZ
BBY,D,CVS,BEN,XOM,RHI,AMG,UTX,PLD
ETN,KR,SPGI,ADI,WY,AEP,NRG,WDC,REG
ATVI,SNPS,AES,GS,GOOGL,ES,CHK,MNST,ADBE
TRV,ADBE,XRAY,AIG,LEN,AES,PGR,MDLZ,WDC
FMC,EXC,GLW,DLTR,VRTX,BLL,TGT,PKG,UHS
ABT,TSN,UNH,ETR,PRU,FLIR,IDXX,IVZ,BDX